{"count":1,"self":1478.8508672,"total":1796.9560159999999,"children":{"InitializeActuators":{"count":8,"self":0.003486,"total":0.003486,"children":null},"InitializeSensors":{"count":8,"self":0.005841,"total":0.005841,"children":null},"AgentSendState":{"count":100684,"self":10.86994,"total":62.535022,"children":{"CollectObservations":{"count":161096,"self":4.1074899999999994,"total":4.1074899999999994,"children":null},"CollectDiscreteActionMasks":{"count":161096,"self":1.3059539999999998,"total":1.3059539999999998,"children":null},"RequestDecision":{"count":161096,"self":5.7539527999999995,"total":46.251638,"children":{"AgentInfo.ToProto":{"count":161096,"self":3.3838687999999997,"total":40.497685,"children":{"GenerateSensorData":{"count":161096,"self":12.0231184,"total":37.113816,"children":{"RayPerceptionSensor.Perceive":{"count":483288,"self":25.0906976,"total":25.090698,"children":null}}}}}}}}},"DecideAction":{"count":100684,"self":231.830528,"total":231.830533,"children":null},"AgentAct":{"count":100684,"self":23.6795024,"total":23.726834,"children":{"AgentInfo.ToProto":{"count":160,"self":0.0049889999999999995,"total":0.047332,"children":{"GenerateSensorData":{"count":160,"self":0.012447999999999999,"total":0.042343,"children":{"RayPerceptionSensor.Perceive":{"count":480,"self":0.029894999999999998,"total":0.029894999999999998,"children":null}}}}}}}},"gauges":{"Hummingbird.CumulativeReward":{"count":160,"max":4.25547075,"min":-42.41065,"runningAverage":-24.4253178,"value":-2.10986662,"weightedAverage":-14.7465878}},"metadata":{"timer_format_version":"0.1.0","start_time_seconds":"1607789977","unity_version":"2019.3.15f1","command_line_arguments":"\/Applications\/Unity\/Hub\/Editor\/2019.3.15f1\/Unity.app\/Contents\/MacOS\/Unity -projectpath \/Users\/myungjin\/Desktop\/aI\/1\/ButterflyMLagent -useHub -hubIPC -cloudEnvironment production -hubSessionId 757fac60-3ac2-11eb-a609-c1a586a63807","communication_protocol_version":"1.1.0","com.unity.ml-agents_version":"1.4.0-preview","scene_name":"Training","end_time_seconds":"1607791773"}}