{
    "name": "root",
    "gauges": {
        "Hummingbird.Policy.Entropy.mean": {
            "value": 1.3902643918991089,
            "min": 1.3902643918991089,
            "max": 1.420125961303711,
            "count": 17
        },
        "Hummingbird.Policy.ExtrinsicValueEstimate.mean": {
            "value": 3.6986887454986572,
            "min": -2.323939085006714,
            "max": 3.6986887454986572,
            "count": 17
        },
        "Hummingbird.Environment.EpisodeLength.mean": {
            "value": 999.0,
            "min": 891.1384615384616,
            "max": 999.0,
            "count": 17
        },
        "Hummingbird.Environment.CumulativeReward.mean": {
            "value": 102.6666915033129,
            "min": -42.016079131979495,
            "max": 102.6666915033129,
            "count": 17
        },
        "Hummingbird.Policy.ExtrinsicReward.mean": {
            "value": 102.6666915033129,
            "min": -42.016079131979495,
            "max": 102.6666915033129,
            "count": 17
        },
        "Hummingbird.Losses.ValueLoss.mean": {
            "value": 2.3767621517181396,
            "min": 0.14604191482067108,
            "max": 3.794020652770996,
            "count": 17
        },
        "Hummingbird.Losses.PolicyLoss.mean": {
            "value": 0.015847986564040184,
            "min": 0.015109564177691936,
            "max": 0.01980680786073208,
            "count": 17
        },
        "Hummingbird.Policy.LearningRate.mean": {
            "value": 0.00024077542184386402,
            "min": 0.00024077542184386402,
            "max": 0.00029810849810019135,
            "count": 17
        },
        "Hummingbird.Policy.Epsilon.mean": {
            "value": 0.18025846779346466,
            "min": 0.18025846779346466,
            "max": 0.19936949014663696,
            "count": 17
        },
        "Hummingbird.Policy.Beta.mean": {
            "value": 0.008027818985283375,
            "min": 0.008027818985283375,
            "max": 0.009937012568116188,
            "count": 17
        },
        "Hummingbird.IsTraining.mean": {
            "value": 1.0,
            "min": 1.0,
            "max": 1.0,
            "count": 17
        }
    },
    "metadata": {
        "timer_format_version": "0.1.0",
        "start_time_seconds": "1608390485",
        "python_version": "3.6.12 |Anaconda, Inc.| (default, Sep  8 2020, 17:50:39) \n[GCC Clang 10.0.0 ]",
        "command_line_arguments": "/anaconda3/envs/ml-agents/bin/mlagents-learn config/Hummingbird.yaml",
        "mlagents_version": "0.21.0.dev0",
        "mlagents_envs_version": "0.21.0.dev0",
        "communication_protocol_version": "1.1.0",
        "tensorflow_version": "2.3.0",
        "numpy_version": "1.18.5",
        "end_time_seconds": "1608395457"
    },
    "total": 4972.239887324,
    "count": 1,
    "self": 0.01317580100021587,
    "children": {
        "run_training.setup": {
            "total": 0.0166134489999763,
            "count": 1,
            "self": 0.0166134489999763
        },
        "TrainerController.start_learning": {
            "total": 4972.210098074,
            "count": 1,
            "self": 5.288940223973441,
            "children": {
                "TrainerController._reset_env": {
                    "total": 11.625446826000001,
                    "count": 1,
                    "self": 11.625446826000001
                },
                "TrainerController.advance": {
                    "total": 4954.8069482470255,
                    "count": 130062,
                    "self": 2.4634515640900645,
                    "children": {
                        "env_step": {
                            "total": 4952.343496682935,
                            "count": 130062,
                            "self": 4757.226534389822,
                            "children": {
                                "SubprocessEnvManager._take_step": {
                                    "total": 192.36618083718557,
                                    "count": 130062,
                                    "self": 6.108295740204994,
                                    "children": {
                                        "TFPolicy.evaluate": {
                                            "total": 186.25788509698057,
                                            "count": 130061,
                                            "self": 186.25788509698057
                                        }
                                    }
                                },
                                "workers": {
                                    "total": 2.7507814559284327,
                                    "count": 130061,
                                    "self": 0.0,
                                    "children": {
                                        "worker_root": {
                                            "total": 4964.746887156979,
                                            "count": 130061,
                                            "is_parallel": true,
                                            "self": 464.04672729811045,
                                            "children": {
                                                "run_training.setup": {
                                                    "total": 0.0,
                                                    "count": 0,
                                                    "is_parallel": true,
                                                    "self": 0.0,
                                                    "children": {
                                                        "steps_from_proto": {
                                                            "total": 0.007353938999983711,
                                                            "count": 1,
                                                            "is_parallel": true,
                                                            "self": 0.0004628069999910167,
                                                            "children": {
                                                                "_process_vector_observation": {
                                                                    "total": 0.0068911319999926945,
                                                                    "count": 8,
                                                                    "is_parallel": true,
                                                                    "self": 0.0068911319999926945
                                                                }
                                                            }
                                                        },
                                                        "UnityEnvironment.step": {
                                                            "total": 0.05783611400002542,
                                                            "count": 1,
                                                            "is_parallel": true,
                                                            "self": 0.0003414020000320761,
                                                            "children": {
                                                                "UnityEnvironment._generate_step_input": {
                                                                    "total": 0.0003468969999858018,
                                                                    "count": 1,
                                                                    "is_parallel": true,
                                                                    "self": 0.0003468969999858018
                                                                },
                                                                "communicator.exchange": {
                                                                    "total": 0.05597946800000386,