{
    "name": "root",
    "gauges": {
        "Hummingbird.Policy.Entropy.mean": {
            "value": 1.3325581550598145,
            "min": 1.3324365615844727,
            "max": 1.4176244735717773,
            "count": 83
        },
        "Hummingbird.Policy.ExtrinsicValueEstimate.mean": {
            "value": 10.350449562072754,
            "min": -2.281776189804077,
            "max": 12.827168464660645,
            "count": 83
        },
        "Hummingbird.Environment.EpisodeLength.mean": {
            "value": 999.0,
            "min": 999.0,
            "max": 999.0,
            "count": 83
        },
        "Hummingbird.Environment.CumulativeReward.mean": {
            "value": 98.37320431792422,
            "min": -47.13071370550564,
            "max": 126.24420554125518,
            "count": 83
        },
        "Hummingbird.Policy.ExtrinsicReward.mean": {
            "value": 98.37320431792422,
            "min": -47.13071370550564,
            "max": 126.24420554125518,
            "count": 83
        },
        "Hummingbird.Losses.ValueLoss.mean": {
            "value": 0.4452386796474457,
            "min": 0.09426948428153992,
            "max": 3.758580446243286,
            "count": 83
        },
        "Hummingbird.Losses.PolicyLoss.mean": {
            "value": 0.016923127695918083,
            "min": 0.013789884746074677,
            "max": 0.02065315842628479,
            "count": 83
        },
        "Hummingbird.Policy.LearningRate.mean": {
            "value": 2.634332531670225e-06,
            "min": 2.634332531670225e-06,
            "max": 0.00029810500564053655,
            "count": 83
        },
        "Hummingbird.Policy.Epsilon.mean": {
            "value": 0.10087808221578598,
            "min": 0.10087808221578598,
            "max": 0.19936835765838623,
            "count": 83
        },
        "Hummingbird.Policy.Beta.mean": {
            "value": 9.771997429197654e-05,
            "min": 9.771997429197654e-05,
            "max": 0.009936893358826637,
            "count": 83
        },
        "Hummingbird.IsTraining.mean": {
            "value": 1.0,
            "min": 1.0,
            "max": 1.0,
            "count": 83
        }
    },
    "metadata": {
        "timer_format_version": "0.1.0",
        "start_time_seconds": "1607879322",
        "python_version": "3.6.12 |Anaconda, Inc.| (default, Sep  9 2020, 00:29:25) [MSC v.1916 64 bit (AMD64)]",
        "command_line_arguments": "C:\\ProgramData\\Anaconda3\\envs\\ml-agents\\Scripts\\mlagents-learn config/Hummingbird.yaml",
        "mlagents_version": "0.20.0",
        "mlagents_envs_version": "0.20.0",
        "communication_protocol_version": "1.1.0",
        "tensorflow_version": "2.3.1",
        "numpy_version": "1.18.5",
        "end_time_seconds": "1607898534"
    },
    "total": 19212.1848277,
    "count": 1,
    "self": 0.9755984000003082,
    "children": {
        "run_training.setup": {
            "total": 0.0115897,
            "count": 1,
            "self": 0.0115897
        },
        "TrainerController.start_learning": {
            "total": 19211.1976396,
            "count": 1,
            "self": 12.452350199499051,
            "children": {
                "TrainerController._reset_env": {
                    "total": 252.2492752,
                    "count": 1,
                    "self": 252.2492752
                },
                "TrainerController.advance": {
                    "total": 18946.3080102005,
                    "count": 625129,
                    "self": 6.105185300195444,
                    "children": {
                        "env_step": {
                            "total": 18940.202824900305,
                            "count": 625129,
                            "self": 18160.484652201612,
                            "children": {
                                "SubprocessEnvManager._take_step": {
                                    "total": 773.4892692987717,
                                    "count": 625129,
                                    "self": 13.214914898635016,
                                    "children": {
                                        "TFPolicy.evaluate": {
                                            "total": 760.2743544001366,
                                            "count": 625129,
                                            "self": 760.2743544001366
                                        }
                                    }
                                },
                                "workers": {
                                    "total": 6.228903399921478,
                                    "count": 625129,
                                    "self": 0.0,
                                    "children": {
                                        "worker_root": {
                                            "total": 19152.13971330065,
                                            "count": 625129,
                                            "is_parallel": true,
                                            "self": 5129.438724700245,
                                            "children": {
                                                "steps_from_proto": {
                                                    "total": 0.0004921,
                                                    "count": 1,
                                                    "is_parallel": true,
                                                    "self": 0.00010409999999999993,
                                                    "children": {
                                                        "_process_vector_observation": {
                                                            "total": 0.00038800000000000005,
                                                            "count": 8,
                                                            "is_parallel": true,
                                                            "self": 0.00038800000000000005
                                                        }
                                                    }
                                                },
                                                "UnityEnvironment.step": {
                                                    "total": 14022.700496500405,
                                                    "count": 625129,
                                                    "is_parallel": true,
                                                    "self": 60.626357900038784,
                                                    "children": {
                                                        "UnityEnvironment._generate_step_input": {
                                                            "total": 44.83372100092953,
                                                            "count": 625129,
                                                            "is_parallel": true,
                                                            "self": 44.83372100092953
                                                        },
                                                        "communicator.exchange": {
                                                            "total": 13672.304763399636,
                                                            "count": 625129,
                                                            "is_parallel": true,
                                                            "self": 13672.304763399636
                                                        },
                                                        "steps_from_proto": {
                                                            "total": 244.93565419980126,