{
    "name": "root",
    "metadata": {
        "timer_format_version": "0.1.0",
        "start_time_seconds": "1606808664",
        "python_version": "3.6.12 |Anaconda, Inc.| (default, Sep  8 2020, 17:50:39) \n[GCC Clang 10.0.0 ]",
        "command_line_arguments": "/anaconda3/envs/ml-agents/bin/mlagents-learn config/Hummingbird.yaml",
        "mlagents_version": "0.21.0.dev0",
        "mlagents_envs_version": "0.21.0.dev0",
        "communication_protocol_version": "1.1.0",
        "tensorflow_version": "2.3.0",
        "numpy_version": "1.18.5",
        "end_time_seconds": "1606809083"
    },
    "total": 419.42094897001516,
    "count": 1,
    "self": 0.014958265994209796,
    "children": {
        "run_training.setup": {
            "total": 0.018451997020747513,
            "count": 1,
            "self": 0.018451997020747513
        },
        "TrainerController.start_learning": {
            "total": 419.3875387070002,
            "count": 1,
            "self": 0.3353740925085731,
            "children": {
                "TrainerController._reset_env": {
                    "total": 18.921755117014982,
                    "count": 1,
                    "self": 18.921755117014982
                },
                "TrainerController.advance": {
                    "total": 399.4883080715081,
                    "count": 8218,
                    "self": 0.15997653594240546,
                    "children": {
                        "env_step": {
                            "total": 399.32833153556567,
                            "count": 8218,
                            "self": 393.34947831218597,
                            "children": {
                                "SubprocessEnvManager._take_step": {
                                    "total": 5.812910720647778,
                                    "count": 8218,
                                    "self": 0.26096272381255403,
                                    "children": {
                                        "TFPolicy.evaluate": {
                                            "total": 5.551947996835224,
                                            "count": 4107,
                                            "self": 5.551947996835224
                                        }
                                    }
                                },
                                "workers": {
                                    "total": 0.16594250273192301,
                                    "count": 8217,
                                    "self": 0.0,
                                    "children": {
                                        "worker_root": {
                                            "total": 418.15682579926215,
                                            "count": 8217,
                                            "is_parallel": true,
                                            "self": 46.22064592165407,
                                            "children": {
                                                "run_training.setup": {
                                                    "total": 0.0,
                                                    "count": 0,
                                                    "is_parallel": true,
                                                    "self": 0.0,
                                                    "children": {
                                                        "steps_from_proto": {
                                                            "total": 0.005793408956378698,
                                                            "count": 1,
                                                            "is_parallel": true,
                                                            "self": 0.00031235505593940616,
                                                            "children": {
                                                                "_process_vector_observation": {
                                                                    "total": 0.005481053900439292,
                                                                    "count": 8,
                                                                    "is_parallel": true,
                                                                    "self": 0.005481053900439292
                                                                }
                                                            }
                                                        },
                                                        "UnityEnvironment.step": {
                                                            "total": 0.17089803097769618,
                                                            "count": 1,
                                                            "is_parallel": true,
                                                            "self": 0.00019242201233282685,
                                                            "children": {
                                                                "UnityEnvironment._generate_step_input": {
                                                                    "total": 0.00038799596950411797,
                                                                    "count": 1,
                                                                    "is_parallel": true,
                                                                    "self": 0.00038799596950411797
                                                                },
                                                                "communicator.exchange": {
                                                                    "total": 0.16948722896631807,
                                                                    "count": 1,
                                                                    "is_parallel": true,
                                                                    "self": 0.16948722896631807
                                                                },
                                                                "steps_from_proto": {
                                                                    "total": 0.0008303840295411646,
                                                                    "count": 1,
                                                                    "is_parallel": true,
                                                                    "self": 0.00022757099941372871,
                                                                    "children": {
                                                                        "_process_vector_observation": {
                                                                            "total": 0.0006028130301274359,
                                                                            "count": 8,
                                                                            "is_parallel": true,
                                                                            "self": 0.0006028130301274359
                                                                        }
                                                                    }
                                                                }
                                                            }
                                                        }
                                                    }
                                                },
                                                "UnityEnvironment.step": {
                                                    "total": 371.9361798776081,
                                                    "count": 8216,
                                                    "is_parallel": true,
                                                    "self": 2.1947757763555273,