{
    "name": "root",
    "gauges": {
        "Hummingbird.Policy.Entropy.mean": {
            "value": 1.4188973903656006,
            "min": 1.4188973903656006,
            "max": 1.4188973903656006,
            "count": 1
        },
        "Hummingbird.Policy.ExtrinsicValueEstimate.mean": {
            "value": -0.1274973750114441,
            "min": -0.1274973750114441,
            "max": -0.1274973750114441,
            "count": 1
        },
        "Hummingbird.Environment.EpisodeLength.mean": {
            "value": 999.0,
            "min": 999.0,
            "max": 999.0,
            "count": 1
        },
        "Hummingbird.Environment.CumulativeReward.mean": {
            "value": -34.732830580423716,
            "min": -34.732830580423716,
            "max": -34.732830580423716,
            "count": 1
        },
        "Hummingbird.Policy.ExtrinsicReward.mean": {
            "value": -34.732830580423716,
            "min": -34.732830580423716,
            "max": -34.732830580423716,
            "count": 1
        },
        "Hummingbird.Losses.ValueLoss.mean": {
            "value": 0.22507593035697937,
            "min": 0.22507593035697937,
            "max": 0.22507593035697937,
            "count": 1
        },
        "Hummingbird.Losses.PolicyLoss.mean": {
            "value": 0.01836356520652771,
            "min": 0.01836356520652771,
            "max": 0.01836356520652771,
            "count": 1
        },
        "Hummingbird.Policy.LearningRate.mean": {
            "value": 0.00029810500564053655,
            "min": 0.00029810500564053655,
            "max": 0.00029810500564053655,
            "count": 1
        },
        "Hummingbird.Policy.Epsilon.mean": {
            "value": 0.19936835765838623,
            "min": 0.19936835765838623,
            "max": 0.19936835765838623,
            "count": 1
        },
        "Hummingbird.Policy.Beta.mean": {
            "value": 0.009936893358826637,
            "min": 0.009936893358826637,
            "max": 0.009936893358826637,
            "count": 1
        },
        "Hummingbird.IsTraining.mean": {
            "value": 1.0,
            "min": 1.0,
            "max": 1.0,
            "count": 1
        }
    },
    "metadata": {
        "timer_format_version": "0.1.0",
        "start_time_seconds": "1607863005",
        "python_version": "3.6.12 |Anaconda, Inc.| (default, Sep  8 2020, 17:50:39) \n[GCC Clang 10.0.0 ]",
        "command_line_arguments": "/anaconda3/envs/ml-agents/bin/mlagents-learn config/Hummingbird.yaml",
        "mlagents_version": "0.21.0.dev0",
        "mlagents_envs_version": "0.21.0.dev0",
        "communication_protocol_version": "1.1.0",
        "tensorflow_version": "2.3.0",
        "numpy_version": "1.18.5",
        "end_time_seconds": "1607863494"
    },
    "total": 489.4830131969975,
    "count": 1,
    "self": 0.01144514899715432,
    "children": {
        "run_training.setup": {
            "total": 0.01589705000151298,
            "count": 1,
            "self": 0.01589705000151298
        },
        "TrainerController.start_learning": {
            "total": 489.4556709979988,
            "count": 1,
            "self": 0.29751994612888666,
            "children": {
                "TrainerController._reset_env": {
                    "total": 21.549388248997275,
                    "count": 1,
                    "self": 21.549388248997275
                },
                "TrainerController.advance": {
                    "total": 467.1203899978718,
                    "count": 8461,
                    "self": 0.14097833368577994,
                    "children": {
                        "env_step": {
                            "total": 466.97941166418605,
                            "count": 8461,
                            "self": 456.28443870020055,
                            "children": {
                                "SubprocessEnvManager._take_step": {
                                    "total": 10.544490401985968,
                                    "count": 8461,
                                    "self": 0.3521587128780084,
                                    "children": {
                                        "TFPolicy.evaluate": {
                                            "total": 10.19233168910796,
                                            "count": 8461,
                                            "self": 10.19233168910796
                                        }
                                    }
                                },
                                "workers": {
                                    "total": 0.15048256199952448,
                                    "count": 8460,
                                    "self": 0.0,
                                    "children": {
                                        "worker_root": {
                                            "total": 488.48246479592854,
                                            "count": 8460,
                                            "is_parallel": true,
                                            "self": 45.85866296224776,
                                            "children": {
                                                "run_training.setup": {
                                                    "total": 0.0,
                                                    "count": 0,
                                                    "is_parallel": true,
                                                    "self": 0.0,
                                                    "children": {
                                                        "steps_from_proto": {
                                                            "total": 0.007537590001447825,
                                                            "count": 1,
                                                            "is_parallel": true,
                                                            "self": 0.00034403599784127437,
                                                            "children": {
                                                                "_process_vector_observation": {
                                                                    "total": 0.00719355400360655,
                                                                    "count": 8,
                                                                    "is_parallel": true,
                                                                    "self": 0.00719355400360655
                                                                }
                                                            }
                                                        },
                                                        "UnityEnvironment.step": {
                                                            "total": 0.043863842998689506,
                                                            "count": 1,
                                                            "is_parallel": true,
                                                            "self": 0.00024130699966917746,
                                                            "children": {
                                                                "UnityEnvironment._generate_step_input": {
                                                                    "total": 0.0002519090012356173,
                                                                    "count": 1,
                                                                    "is_parallel": true,
                                                                    "self": 0.0002519090012356173
                                                                },
                                                                "communicator.exchange": {
                                                                    "total": 0.042522120998910395,