{
    "name": "root",
    "gauges": {
        "Hummingbird.Policy.Entropy.mean": {
            "value": 1.4129172563552856,
            "min": 1.4129172563552856,
            "max": 1.419059157371521,
            "count": 4
        },
        "Hummingbird.Policy.ExtrinsicValueEstimate.mean": {
            "value": -1.4433048963546753,
            "min": -1.4433048963546753,
            "max": -0.012731054797768593,
            "count": 4
        },
        "Hummingbird.Environment.EpisodeLength.mean": {
            "value": 999.0,
            "min": 999.0,
            "max": 999.0,
            "count": 4
        },
        "Hummingbird.Environment.CumulativeReward.mean": {
            "value": -24.010292968394914,
            "min": -31.259246006707794,
            "max": -24.010292968394914,
            "count": 4
        },
        "Hummingbird.Policy.ExtrinsicReward.mean": {
            "value": -24.010292968394914,
            "min": -31.259246006707794,
            "max": -24.010292968394914,
            "count": 4
        },
        "Hummingbird.Losses.ValueLoss.mean": {
            "value": 0.09605488181114197,
            "min": 0.09605488181114197,
            "max": 0.18961724638938904,
            "count": 4
        },
        "Hummingbird.Losses.PolicyLoss.mean": {
            "value": 0.01754298061132431,
            "min": 0.014540206640958786,
            "max": 0.018491925671696663,
            "count": 4
        },
        "Hummingbird.Policy.LearningRate.mean": {
            "value": 0.00028739331173710525,
            "min": 0.00028739331173710525,
            "max": 0.00029810500564053655,
            "count": 4
        },
        "Hummingbird.Policy.Epsilon.mean": {
            "value": 0.19579772651195526,
            "min": 0.19579772651195526,
            "max": 0.19936835765838623,
            "count": 4
        },
        "Hummingbird.Policy.Beta.mean": {
            "value": 0.00958019495010376,
            "min": 0.00958019495010376,
            "max": 0.009936893358826637,
            "count": 4
        },
        "Hummingbird.IsTraining.mean": {
            "value": 1.0,
            "min": 1.0,
            "max": 1.0,
            "count": 4
        }
    },
    "metadata": {
        "timer_format_version": "0.1.0",
        "start_time_seconds": "1607833263",
        "python_version": "3.6.12 |Anaconda, Inc.| (default, Sep  8 2020, 17:50:39) \n[GCC Clang 10.0.0 ]",
        "command_line_arguments": "/anaconda3/envs/ml-agents/bin/mlagents-learn config/Hummingbird.yaml",
        "mlagents_version": "0.21.0.dev0",
        "mlagents_envs_version": "0.21.0.dev0",
        "communication_protocol_version": "1.1.0",
        "tensorflow_version": "2.3.0",
        "numpy_version": "1.18.5",
        "end_time_seconds": "1607836638"
    },
    "total": 3374.243375997001,
    "count": 1,
    "self": 0.01812728200457059,
    "children": {
        "run_training.setup": {
            "total": 0.012404667999362573,
            "count": 1,
            "self": 0.012404667999362573
        },
        "TrainerController.start_learning": {
            "total": 3374.212844046997,
            "count": 1,
            "self": 1.7449754225672223,
            "children": {
                "TrainerController._reset_env": {
                    "total": 11.32517330502742,
                    "count": 1,
                    "self": 11.32517330502742
                },
                "TrainerController.advance": {
                    "total": 3360.406192725408,
                    "count": 35577,
                    "self": 0.8604370711836964,
                    "children": {
                        "env_step": {
                            "total": 3359.545755654224,
                            "count": 35577,
                            "self": 3298.4257889962173,
                            "children": {
                                "SubprocessEnvManager._take_step": {
                                    "total": 60.19028870147304,
                                    "count": 35577,
                                    "self": 2.149503633263521,
                                    "children": {
                                        "TFPolicy.evaluate": {
                                            "total": 58.040785068209516,
                                            "count": 35577,
                                            "self": 58.040785068209516
                                        }
                                    }
                                },
                                "workers": {
                                    "total": 0.9296779565338511,
                                    "count": 35576,
                                    "self": 0.0,
                                    "children": {
                                        "worker_root": {
                                            "total": 3371.048721662635,
                                            "count": 35576,
                                            "is_parallel": true,
                                            "self": 152.33445366480737,
                                            "children": {
                                                "run_training.setup": {
                                                    "total": 0.0,
                                                    "count": 0,
                                                    "is_parallel": true,
                                                    "self": 0.0,
                                                    "children": {
                                                        "steps_from_proto": {
                                                            "total": 0.00573773100040853,
                                                            "count": 1,
                                                            "is_parallel": true,
                                                            "self": 0.0002647070214152336,
                                                            "children": {
                                                                "_process_vector_observation": {
                                                                    "total": 0.005473023978993297,
                                                                    "count": 8,
                                                                    "is_parallel": true,
                                                                    "self": 0.005473023978993297
                                                                }
                                                            }
                                                        },
                                                        "UnityEnvironment.step": {
                                                            "total": 0.04143261900753714,
                                                            "count": 1,
                                                            "is_parallel": true,
                                                            "self": 0.0002539209963288158,
                                                            "children": {
                                                                "UnityEnvironment._generate_step_input": {
                                                                    "total": 0.00030044399318285286,
                                                                    "count": 1,
                                                                    "is_parallel": true,
                                                                    "self": 0.00030044399318285286
                                                                },
                                                                "communicator.exchange": {
                                                                    "total": 0.040059381019091234,