{
    "name": "root",
    "metadata": {
        "timer_format_version": "0.1.0",
        "start_time_seconds": "1606904192",
        "python_version": "3.6.12 |Anaconda, Inc.| (default, Sep  8 2020, 17:50:39) \n[GCC Clang 10.0.0 ]",
        "command_line_arguments": "/anaconda3/envs/ml-agents/bin/mlagents-learn config/Hummingbird.yaml",
        "mlagents_version": "0.21.0.dev0",
        "mlagents_envs_version": "0.21.0.dev0",
        "communication_protocol_version": "1.1.0",
        "tensorflow_version": "2.3.0",
        "numpy_version": "1.18.5",
        "end_time_seconds": "1606905060"
    },
    "total": 868.2729299869998,
    "count": 1,
    "self": 0.015348377999544027,
    "children": {
        "run_training.setup": {
            "total": 0.02013398800045252,
            "count": 1,
            "self": 0.02013398800045252
        },
        "TrainerController.start_learning": {
            "total": 868.2374476209998,
            "count": 1,
            "self": 0.9947070650468959,
            "children": {
                "TrainerController._reset_env": {
                    "total": 25.401620939000168,
                    "count": 1,
                    "self": 25.401620939000168
                },
                "TrainerController.advance": {
                    "total": 841.2585124029529,
                    "count": 27295,
                    "self": 0.4572052929579513,
                    "children": {
                        "env_step": {
                            "total": 840.8013071099949,
                            "count": 27295,
                            "self": 812.119900388986,
                            "children": {
                                "SubprocessEnvManager._take_step": {
                                    "total": 28.15990157095348,
                                    "count": 27295,
                                    "self": 0.972404256001937,
                                    "children": {
                                        "TFPolicy.evaluate": {
                                            "total": 27.187497314951543,
                                            "count": 27284,
                                            "self": 27.187497314951543
                                        }
                                    }
                                },
                                "workers": {
                                    "total": 0.5215051500554182,
                                    "count": 27294,
                                    "self": 0.0,
                                    "children": {
                                        "worker_root": {
                                            "total": 866.342140345042,
                                            "count": 27294,
                                            "is_parallel": true,
                                            "self": 85.92126939200898,
                                            "children": {
                                                "run_training.setup": {
                                                    "total": 0.0,
                                                    "count": 0,
                                                    "is_parallel": true,
                                                    "self": 0.0,
                                                    "children": {
                                                        "steps_from_proto": {
                                                            "total": 0.0060327739993226714,
                                                            "count": 1,
                                                            "is_parallel": true,
                                                            "self": 0.0002914179976869491,
                                                            "children": {
                                                                "_process_vector_observation": {
                                                                    "total": 0.005741356001635722,
                                                                    "count": 8,
                                                                    "is_parallel": true,
                                                                    "self": 0.005741356001635722
                                                                }
                                                            }
                                                        },
                                                        "UnityEnvironment.step": {
                                                            "total": 0.03983050999977422,
                                                            "count": 1,
                                                            "is_parallel": true,
                                                            "self": 0.0001569400001244503,
                                                            "children": {
                                                                "UnityEnvironment._generate_step_input": {
                                                                    "total": 0.00018816400006471667,
                                                                    "count": 1,
                                                                    "is_parallel": true,
                                                                    "self": 0.00018816400006471667
                                                                },
                                                                "communicator.exchange": {
                                                                    "total": 0.038963001999945845,
                                                                    "count": 1,
                                                                    "is_parallel": true,
                                                                    "self": 0.038963001999945845
                                                                },
                                                                "steps_from_proto": {
                                                                    "total": 0.0005224039996392094,
                                                                    "count": 1,
                                                                    "is_parallel": true,
                                                                    "self": 0.00016118000166898128,
                                                                    "children": {
                                                                        "_process_vector_observation": {
                                                                            "total": 0.0003612239979702281,
                                                                            "count": 8,
                                                                            "is_parallel": true,
                                                                            "self": 0.0003612239979702281
                                                                        }
                                                                    }
                                                                }
                                                            }
                                                        }
                                                    }
                                                },
                                                "UnityEnvironment.step": {
                                                    "total": 780.420870953033,
                                                    "count": 27293,
                                                    "is_parallel": true,
                                                    "self": 3.617484747988783,