{
    "name": "root",
    "gauges": {
        "Hummingbird.Policy.Entropy.mean": {
            "value": 1.3993349075317383,
            "min": 1.3993349075317383,
            "max": 1.4163973331451416,
            "count": 33
        },
        "Hummingbird.Environment.EpisodeLength.mean": {
            "value": 634.0714285714286,
            "min": 383.8875,
            "max": 708.5111111111111,
            "count": 33
        },
        "Hummingbird.Policy.ExtrinsicValueEstimate.mean": {
            "value": -0.03481680527329445,
            "min": -0.18868114054203033,
            "max": -0.031644873321056366,
            "count": 33
        },
        "Hummingbird.Environment.CumulativeReward.mean": {
            "value": -0.2193877551020408,
            "min": -1.6665079365114843,
            "max": -0.19662921348314608,
            "count": 33
        },
        "Hummingbird.Policy.ExtrinsicReward.mean": {
            "value": -0.2193877551020408,
            "min": -1.6665079365114843,
            "max": -0.19662921348314608,
            "count": 33
        },
        "Hummingbird.Losses.ValueLoss.mean": {
            "value": 0.0018838824471458793,
            "min": 0.001799818710424006,
            "max": 0.030233250930905342,
            "count": 33
        },
        "Hummingbird.Losses.PolicyLoss.mean": {
            "value": 0.016619814559817314,
            "min": 0.013914954848587513,
            "max": 0.019383220002055168,
            "count": 33
        },
        "Hummingbird.Policy.LearningRate.mean": {
            "value": 7.1367462624039035e-06,
            "min": 7.1367462624039035e-06,
            "max": 0.0002952398208435625,
            "count": 33
        },
        "Hummingbird.Policy.Epsilon.mean": {
            "value": 0.10237887501716614,
            "min": 0.10237887501716614,
            "max": 0.19841325283050537,
            "count": 33
        },
        "Hummingbird.Policy.Beta.mean": {
            "value": 0.0002476504014339298,
            "min": 0.0002476504014339298,
            "max": 0.00984148494899273,
            "count": 33
        },
        "Hummingbird.IsTraining.mean": {
            "value": 1.0,
            "min": 1.0,
            "max": 1.0,
            "count": 33
        }
    },
    "metadata": {
        "timer_format_version": "0.1.0",
        "start_time_seconds": "1607012879",
        "python_version": "3.6.12 |Anaconda, Inc.| (default, Sep  8 2020, 17:50:39) \n[GCC Clang 10.0.0 ]",
        "command_line_arguments": "/anaconda3/envs/ml-agents/bin/mlagents-learn config/Hummingbird.yaml",
        "mlagents_version": "0.21.0.dev0",
        "mlagents_envs_version": "0.21.0.dev0",
        "communication_protocol_version": "1.1.0",
        "tensorflow_version": "2.3.0",
        "numpy_version": "1.18.5",
        "end_time_seconds": "1607019155"
    },
    "total": 6276.662185944006,
    "count": 1,
    "self": 0.09531199900084175,
    "children": {
        "run_training.setup": {
            "total": 0.018096079002134502,
            "count": 1,
            "self": 0.018096079002134502
        },
        "TrainerController.start_learning": {
            "total": 6276.548777866003,
            "count": 1,
            "self": 4.709752290757024,
            "children": {
                "TrainerController._reset_env": {
                    "total": 31.297547515991027,
                    "count": 1,
                    "self": 31.297547515991027
                },
                "TrainerController.advance": {
                    "total": 6240.1992346942425,
                    "count": 127838,
                    "self": 2.257925922560389,
                    "children": {
                        "env_step": {
                            "total": 6237.941308771682,
                            "count": 127838,
                            "self": 5998.511906429485,
                            "children": {
                                "SubprocessEnvManager._take_step": {
                                    "total": 236.90886528481496,
                                    "count": 127838,
                                    "self": 6.356835766098811,
                                    "children": {
                                        "TFPolicy.evaluate": {
                                            "total": 230.55202951871615,
                                            "count": 125064,
                                            "self": 230.55202951871615
                                        }
                                    }
                                },
                                "workers": {
                                    "total": 2.520537057382171,
                                    "count": 127838,
                                    "self": 0.0,
                                    "children": {
                                        "worker_root": {
                                            "total": 6270.383121147737,
                                            "count": 127838,
                                            "is_parallel": true,
                                            "self": 552.4205358301551,
                                            "children": {
                                                "run_training.setup": {
                                                    "total": 0.0,
                                                    "count": 0,
                                                    "is_parallel": true,
                                                    "self": 0.0,
                                                    "children": {
                                                        "steps_from_proto": {
                                                            "total": 0.0071890060062287375,
                                                            "count": 1,
                                                            "is_parallel": true,
                                                            "self": 0.00033504101156722754,
                                                            "children": {
                                                                "_process_vector_observation": {
                                                                    "total": 0.00685396499466151,
                                                                    "count": 8,
                                                                    "is_parallel": true,
                                                                    "self": 0.00685396499466151
                                                                }
                                                            }
                                                        },
                                                        "UnityEnvironment.step": {
                                                            "total": 0.07097287100623362,
                                                            "count": 1,
                                                            "is_parallel": true,
                                                            "self": 0.0003254500188631937,
                                                            "children": {
                                                                "UnityEnvironment._generate_step_input": {
                                                                    "total": 0.0003122079942841083,
                                                                    "count": 1,
                                                                    "is_parallel": true,
                                                                    "self": 0.0003122079942841083
                                                                },