{
    "name": "root",
    "metadata": {
        "timer_format_version": "0.1.0",
        "start_time_seconds": "1606751439",
        "python_version": "3.6.12 |Anaconda, Inc.| (default, Sep  8 2020, 17:50:39) \n[GCC Clang 10.0.0 ]",
        "command_line_arguments": "/anaconda3/envs/ml-agents/bin/mlagents-learn config/Hummingbird.yaml",
        "mlagents_version": "0.21.0.dev0",
        "mlagents_envs_version": "0.21.0.dev0",
        "communication_protocol_version": "1.1.0",
        "tensorflow_version": "2.3.0",
        "numpy_version": "1.18.5",
        "end_time_seconds": "1606751810"
    },
    "total": 370.5658798409859,
    "count": 1,
    "self": 0.01180079102050513,
    "children": {
        "run_training.setup": {
            "total": 0.01658183999825269,
            "count": 1,
            "self": 0.01658183999825269
        },
        "TrainerController.start_learning": {
            "total": 370.5374972099671,
            "count": 1,
            "self": 0.3642067555920221,
            "children": {
                "TrainerController._reset_env": {
                    "total": 45.50705663498957,
                    "count": 1,
                    "self": 45.50705663498957
                },
                "TrainerController.advance": {
                    "total": 324.0910242474056,
                    "count": 9147,
                    "self": 0.17190863098949194,
                    "children": {
                        "env_step": {
                            "total": 323.9191156164161,
                            "count": 9147,
                            "self": 312.92976414534496,
                            "children": {
                                "SubprocessEnvManager._take_step": {
                                    "total": 10.800670200085733,
                                    "count": 9147,
                                    "self": 0.3694687287788838,
                                    "children": {
                                        "TFPolicy.evaluate": {
                                            "total": 10.43120147130685,
                                            "count": 9147,
                                            "self": 10.43120147130685
                                        }
                                    }
                                },
                                "workers": {
                                    "total": 0.18868127098539844,
                                    "count": 9146,
                                    "self": 0.0,
                                    "children": {
                                        "worker_root": {
                                            "total": 369.1827756470302,
                                            "count": 9146,
                                            "is_parallel": true,
                                            "self": 68.8476309714024,
                                            "children": {
                                                "run_training.setup": {
                                                    "total": 0.0,
                                                    "count": 0,
                                                    "is_parallel": true,
                                                    "self": 0.0,
                                                    "children": {
                                                        "steps_from_proto": {
                                                            "total": 0.0020318820024840534,
                                                            "count": 1,
                                                            "is_parallel": true,
                                                            "self": 0.000249343051109463,
                                                            "children": {
                                                                "_process_vector_observation": {
                                                                    "total": 0.0017825389513745904,
                                                                    "count": 8,
                                                                    "is_parallel": true,
                                                                    "self": 0.0017825389513745904
                                                                }
                                                            }
                                                        },
                                                        "UnityEnvironment.step": {
                                                            "total": 0.02608219801913947,
                                                            "count": 1,
                                                            "is_parallel": true,
                                                            "self": 0.00017593998927623034,
                                                            "children": {
                                                                "UnityEnvironment._generate_step_input": {
                                                                    "total": 0.00017771899001672864,
                                                                    "count": 1,
                                                                    "is_parallel": true,
                                                                    "self": 0.00017771899001672864
                                                                },
                                                                "communicator.exchange": {
                                                                    "total": 0.025133681017905474,
                                                                    "count": 1,
                                                                    "is_parallel": true,
                                                                    "self": 0.025133681017905474
                                                                },
                                                                "steps_from_proto": {
                                                                    "total": 0.000594858021941036,
                                                                    "count": 1,
                                                                    "is_parallel": true,
                                                                    "self": 0.00016578985378146172,
                                                                    "children": {
                                                                        "_process_vector_observation": {
                                                                            "total": 0.00042906816815957427,
                                                                            "count": 8,
                                                                            "is_parallel": true,
                                                                            "self": 0.00042906816815957427
                                                                        }
                                                                    }
                                                                }
                                                            }
                                                        }
                                                    }
                                                },
                                                "UnityEnvironment.step": {
                                                    "total": 300.3351446756278,
                                                    "count": 9145,
                                                    "is_parallel": true,
                                                    "self": 1.512227317027282,