{
    "name": "root",
    "gauges": {
        "Hummingbird.Policy.Entropy.mean": {
            "value": 1.3935471773147583,
            "min": 1.3935471773147583,
            "max": 1.4180221557617188,
            "count": 12
        },
        "Hummingbird.Policy.ExtrinsicValueEstimate.mean": {
            "value": 0.16367222368717194,
            "min": -1.2702080011367798,
            "max": 0.16367222368717194,
            "count": 12
        },
        "Hummingbird.Environment.EpisodeLength.mean": {
            "value": 999.0,
            "min": 999.0,
            "max": 999.0,
            "count": 12
        },
        "Hummingbird.Environment.CumulativeReward.mean": {
            "value": 6.508403762361952,
            "min": -30.472529863373243,
            "max": 6.508403762361952,
            "count": 12
        },
        "Hummingbird.Policy.ExtrinsicReward.mean": {
            "value": 6.508403762361952,
            "min": -30.472529863373243,
            "max": 6.508403762361952,
            "count": 12
        },
        "Hummingbird.Losses.ValueLoss.mean": {
            "value": 0.03584597632288933,
            "min": 0.016874298453330994,
            "max": 0.18207508325576782,
            "count": 12
        },
        "Hummingbird.Losses.PolicyLoss.mean": {
            "value": 0.016272149980068207,
            "min": 0.015197801403701305,
            "max": 0.01937110722064972,
            "count": 12
        },
        "Hummingbird.Policy.LearningRate.mean": {
            "value": 0.0002584166650194675,
            "min": 0.0002584166650194675,
            "max": 0.00029810500564053655,
            "count": 12
        },
        "Hummingbird.Policy.Epsilon.mean": {
            "value": 0.18613891303539276,
            "min": 0.18613891303539276,
            "max": 0.19936835765838623,
            "count": 12
        },
        "Hummingbird.Policy.Beta.mean": {
            "value": 0.008615273982286453,
            "min": 0.008615273982286453,
            "max": 0.009936893358826637,
            "count": 12
        },
        "Hummingbird.IsTraining.mean": {
            "value": 1.0,
            "min": 1.0,
            "max": 1.0,
            "count": 12
        }
    },
    "metadata": {
        "timer_format_version": "0.1.0",
        "start_time_seconds": "1607783422",
        "python_version": "3.6.12 |Anaconda, Inc.| (default, Sep  8 2020, 17:50:39) \n[GCC Clang 10.0.0 ]",
        "command_line_arguments": "/anaconda3/envs/ml-agents/bin/mlagents-learn config/Hummingbird.yaml",
        "mlagents_version": "0.21.0.dev0",
        "mlagents_envs_version": "0.21.0.dev0",
        "communication_protocol_version": "1.1.0",
        "tensorflow_version": "2.3.0",
        "numpy_version": "1.18.5",
        "end_time_seconds": "1607789926"
    },
    "total": 6504.317605274002,
    "count": 1,
    "self": 0.0359154150064569,
    "children": {
        "run_training.setup": {
            "total": 0.017047025001375005,
            "count": 1,
            "self": 0.017047025001375005
        },
        "TrainerController.start_learning": {
            "total": 6504.264642833994,
            "count": 1,
            "self": 4.432425678649452,
            "children": {
                "TrainerController._reset_env": {
                    "total": 11.682283106987597,
                    "count": 1,
                    "self": 11.682283106987597
                },
                "TrainerController.advance": {
                    "total": 6487.288212088344,
                    "count": 92376,
                    "self": 2.2161632242205087,
                    "children": {
                        "env_step": {
                            "total": 6485.072048864124,
                            "count": 92376,
                            "self": 6320.893584941368,
                            "children": {
                                "SubprocessEnvManager._take_step": {
                                    "total": 161.8334215489449,
                                    "count": 92376,
                                    "self": 5.288578643638175,
                                    "children": {
                                        "TFPolicy.evaluate": {
                                            "total": 156.54484290530672,
                                            "count": 92376,
                                            "self": 156.54484290530672
                                        }
                                    }
                                },
                                "workers": {
                                    "total": 2.345042373810429,
                                    "count": 92375,
                                    "self": 0.0,
                                    "children": {
                                        "worker_root": {
                                            "total": 6497.88775119948,
                                            "count": 92375,
                                            "is_parallel": true,
                                            "self": 384.674272847682,
                                            "children": {
                                                "run_training.setup": {
                                                    "total": 0.0,
                                                    "count": 0,
                                                    "is_parallel": true,
                                                    "self": 0.0,
                                                    "children": {
                                                        "steps_from_proto": {
                                                            "total": 0.005686913005774841,
                                                            "count": 1,
                                                            "is_parallel": true,
                                                            "self": 0.0002808199787978083,
                                                            "children": {
                                                                "_process_vector_observation": {
                                                                    "total": 0.005406093026977032,
                                                                    "count": 8,
                                                                    "is_parallel": true,
                                                                    "self": 0.005406093026977032
                                                                }
                                                            }
                                                        },
                                                        "UnityEnvironment.step": {
                                                            "total": 0.06689521297812462,
                                                            "count": 1,
                                                            "is_parallel": true,
                                                            "self": 0.000252399971941486,
                                                            "children": {
                                                                "UnityEnvironment._generate_step_input": {
                                                                    "total": 0.0002559889981057495,
                                                                    "count": 1,
                                                                    "is_parallel": true,
                                                                    "self": 0.0002559889981057495
                                                                },
                                                                "communicator.exchange": {
                                                                    "total": 0.06529117800528184,